ImageId,NameOfPokemon
1100.jpg,Bulbasaur
1101.jpg,Bulbasaur
1102.jpg,Bulbasaur
1103.jpg,Bulbasaur
1104.jpg,Bulbasaur
1105.jpg,Bulbasaur
1106.jpg,Bulbasaur
1107.jpg,Bulbasaur
1108.jpg,Bulbasaur
1109.jpg,Bulbasaur
1110.jpg,Bulbasaur
1111.jpg,Bulbasaur
1112.jpg,Bulbasaur
1113.jpg,Bulbasaur
1114.jpg,Bulbasaur
1115.jpg,Bulbasaur
1116.jpg,Bulbasaur
1117.jpg,Bulbasaur
1118.jpg,Bulbasaur
1119.jpg,Bulbasaur
1120.jpg,Bulbasaur
1121.jpg,Bulbasaur
1122.jpg,Bulbasaur
1123.jpg,Bulbasaur
1124.jpg,Bulbasaur
1125.jpg,Bulbasaur
1126.jpg,Bulbasaur
1127.jpg,Bulbasaur
1128.jpg,Bulbasaur
1129.jpg,Bulbasaur
1130.jpg,Bulbasaur
1131.jpg,Bulbasaur
1132.jpg,Bulbasaur
1133.jpg,Bulbasaur
1134.jpg,Bulbasaur
1135.jpg,Bulbasaur
1136.jpg,Bulbasaur
1137.jpg,Bulbasaur
1138.jpg,Bulbasaur
1139.jpg,Bulbasaur
1140.jpg,Bulbasaur
2000.jpg,Pikachu
2001.jpg,Pikachu
2002.jpg,Charmander
2003.jpg,Pikachu
2004.jpg,Pikachu
2005.jpg,Pikachu
2006.jpg,Pikachu
2007.jpg,Pikachu
2008.jpg,Bulbasaur
2009.jpg,Bulbasaur
2010.jpg,Bulbasaur
2011.jpg,Bulbasaur
2012.jpg,Pikachu
2013.jpg,Pikachu
2014.jpg,Pikachu
2015.jpg,Charmander
2016.jpg,Pikachu
2017.jpg,Bulbasaur
2018.jpg,Pikachu
2019.jpg,Charmander
2020.jpg,Charmander
2021.jpg,Bulbasaur
2022.jpg,Pikachu
2023.jpg,Charmander
2024.jpg,Pikachu
2025.jpg,Bulbasaur
2026.jpg,Pikachu
2027.jpg,Bulbasaur
2028.jpg,Pikachu
2029.jpg,Pikachu
2030.jpg,Bulbasaur
2031.jpg,Charmander
2032.jpg,Pikachu
2033.jpg,Pikachu
2034.jpg,Bulbasaur
2035.jpg,Pikachu
2036.jpg,Pikachu
2037.jpg,Charmander
2038.jpg,Charmander
2039.jpg,Bulbasaur
2040.jpg,Bulbasaur
2200.jpg,Charmander
2201.jpg,Charmander
2202.jpg,Charmander
2203.jpg,Charmander
2204.jpg,Charmander
2205.jpg,Charmander
2206.jpg,Charmander
2207.jpg,Bulbasaur
2208.jpg,Charmander
2209.jpg,Charmander
2210.jpg,Charmander
2211.jpg,Charmander
2212.jpg,Charmander
2213.jpg,Charmander
2214.jpg,Charmander
2215.jpg,Charmander
2216.jpg,Charmander
2217.jpg,Pikachu
2218.jpg,Charmander
2219.jpg,Pikachu
2220.jpg,Pikachu
2221.jpg,Charmander
2222.jpg,Charmander
2223.jpg,Charmander
2224.jpg,Pikachu
2225.jpg,Charmander
2226.jpg,Charmander
2227.jpg,Charmander
2228.jpg,Charmander
2229.jpg,Charmander
2230.jpg,Charmander
2231.jpg,Pikachu
2232.jpg,Pikachu
2233.jpg,Charmander
2234.jpg,Charmander
2235.jpg,Bulbasaur
2236.jpg,Charmander
2237.jpg,Bulbasaur
2238.jpg,Charmander
2239.jpg,Charmander
2240.jpg,Charmander
